Average,Median,Std. Dev
77.734176, 58.246567, 77.734176"